epoch,time,train/box_loss,train/cls_loss,train/dfl_loss,metrics/precision(B),metrics/recall(B),metrics/mAP50(B),metrics/mAP50-95(B),val/box_loss,val/cls_loss,val/dfl_loss,lr/pg0,lr/pg1,lr/pg2
1,2386.17,0.94827,1.23256,1.02743,0.98066,0.97986,0.99021,0.76281,0.86277,0.69753,1.01318,0.00066506,0.00066506,0.00066506
2,4991.38,0.83518,0.59849,0.98424,0.98881,0.99417,0.9913,0.82505,0.67789,0.46211,0.94713,0.000672522,0.000672522,0.000672522
